INSERT INTO musics (id, title, author, musical_key) VALUES
('00000001-0000-0000-0000-000000000001', 'Smells Like Teen Spirit', 'Nirvana', 'F'),
('00000002-0000-0000-0000-000000000002', 'Come As You Are', 'Nirvana', 'E'),
('00000003-0000-0000-0000-000000000003', 'Wonderwall', 'Oasis', 'F'),
('00000004-0000-0000-0000-000000000004', 'Don’t Look Back in Anger', 'Oasis', 'C'),
('00000005-0000-0000-0000-000000000005', 'Losing My Religion', 'R.E.M.', 'G'),
('00000006-0000-0000-0000-000000000006', 'Enter Sandman', 'Metallica', 'E'),
('00000007-0000-0000-0000-000000000007', 'Nothing Else Matters', 'Metallica', 'E'),
('00000008-0000-0000-0000-000000000008', 'Californication', 'Red Hot Chili Peppers', 'A'),
('00000009-0000-0000-0000-000000000009', 'Under the Bridge', 'Red Hot Chili Peppers', 'E'),
('00000010-0000-0000-0000-000000000010', 'Creep', 'Radiohead', 'G'),
('00000011-0000-0000-0000-000000000011', 'High and Dry', 'Radiohead', 'G'),
('00000012-0000-0000-0000-000000000012', 'Zombie', 'The Cranberries', 'E'),
('00000013-0000-0000-0000-000000000013', 'Linger', 'The Cranberries', 'D'),
('00000014-0000-0000-0000-000000000014', 'Black', 'Pearl Jam', 'E'),
('00000015-0000-0000-0000-000000000015', 'Alive', 'Pearl Jam', 'A'),
('00000016-0000-0000-0000-000000000016', 'Basket Case', 'Green Day', 'E'),
('00000017-0000-0000-0000-000000000017', 'When I Come Around', 'Green Day', 'G'),
('00000018-0000-0000-0000-000000000018', 'November Rain', 'Guns N’ Roses', 'C'),
('00000019-0000-0000-0000-000000000019', 'Sweet Child O’ Mine', 'Guns N’ Roses', 'D'),
('00000020-0000-0000-0000-000000000020', 'Iris', 'Goo Goo Dolls', 'A'),
('00000021-0000-0000-0000-000000000021', 'Always', 'Bon Jovi', 'E'),
('00000022-0000-0000-0000-000000000022', 'Bed of Roses', 'Bon Jovi', 'C'),
('00000023-0000-0000-0000-000000000023', 'My Heart Will Go On', 'Celine Dion', 'E'),
('00000024-0000-0000-0000-000000000024', 'I Don’t Want to Miss a Thing', 'Aerosmith', 'D'),
('00000025-0000-0000-0000-000000000025', 'Unchained Melody', 'The Righteous Brothers', 'C'),
('00000026-0000-0000-0000-000000000026', 'Endless Love', 'Lionel Richie & Diana Ross', 'G'),
('00000027-0000-0000-0000-000000000027', 'All of Me', 'John Legend', 'A'),
('00000028-0000-0000-0000-000000000028', 'Perfect', 'Ed Sheeran', 'G'),
('00000029-0000-0000-0000-000000000029', 'Thinking Out Loud', 'Ed Sheeran', 'D'),
('00000030-0000-0000-0000-000000000030', 'Careless Whisper', 'George Michael', 'D'),
('00000031-0000-0000-0000-000000000031', 'Every Breath You Take', 'The Police', 'G'),
('00000032-0000-0000-0000-000000000032', 'With or Without You', 'U2', 'D'),
('00000033-0000-0000-0000-000000000033', 'Still Loving You', 'Scorpions', 'C'),
('00000034-0000-0000-0000-000000000034', 'Is This Love', 'Whitesnake', 'G'),
('00000035-0000-0000-0000-000000000035', 'Nothing’s Gonna Change My Love for You', 'George Benson', 'F'),
('00000036-0000-0000-0000-000000000036', 'I Will Always Love You', 'Whitney Houston', 'A'),
('00000037-0000-0000-0000-000000000037', 'Right Here Waiting', 'Richard Marx', 'C'),
('00000038-0000-0000-0000-000000000038', 'Heaven', 'Bryan Adams', 'D'),
('00000039-0000-0000-0000-000000000039', 'All My Love', 'Led Zeppelin', 'A'),
('00000040-0000-0000-0000-000000000040', 'Faithfully', 'Journey', 'E');

INSERT INTO setlists (id, name) VALUES
('aaaaaaaa-0000-0000-0000-000000000001', 'Rock 90s - Set 1'),
('aaaaaaaa-0000-0000-0000-000000000002', 'Rock 90s - Set 2'),
('aaaaaaaa-0000-0000-0000-000000000003', 'Rock 90s - Set 3'),
('aaaaaaaa-0000-0000-0000-000000000004', 'Rock 90s - Set 4'),
('aaaaaaaa-0000-0000-0000-000000000005', 'Love Songs - Set 1'),
('aaaaaaaa-0000-0000-0000-000000000006', 'Love Songs - Set 2'),
('aaaaaaaa-0000-0000-0000-000000000007', 'Love Songs - Set 3'),
('aaaaaaaa-0000-0000-0000-000000000008', 'Love Songs - Set 4'),
('aaaaaaaa-0000-0000-0000-000000000009', 'Mixed - Set 1'),
('aaaaaaaa-0000-0000-0000-000000000010', 'Mixed - Set 2'),
('aaaaaaaa-0000-0000-0000-000000000011', 'Mixed - Set 3'),
('aaaaaaaa-0000-0000-0000-000000000012', 'Mixed - Set 4');

INSERT INTO setlist_items (id, setlist_id, music_id, position) VALUES
('bbbbbbbb-0000-0000-0000-000000000001','aaaaaaaa-0000-0000-0000-000000000001','00000001-0000-0000-0000-000000000001',1),
('bbbbbbbb-0000-0000-0000-000000000002','aaaaaaaa-0000-0000-0000-000000000001','00000002-0000-0000-0000-000000000002',2),
('bbbbbbbb-0000-0000-0000-000000000003','aaaaaaaa-0000-0000-0000-000000000001','00000003-0000-0000-0000-000000000003',3),
('bbbbbbbb-0000-0000-0000-000000000004','aaaaaaaa-0000-0000-0000-000000000001','00000004-0000-0000-0000-000000000004',4),
('bbbbbbbb-0000-0000-0000-000000000005','aaaaaaaa-0000-0000-0000-000000000001','00000005-0000-0000-0000-000000000005',5),
('bbbbbbbb-0000-0000-0000-000000000006','aaaaaaaa-0000-0000-0000-000000000001','00000006-0000-0000-0000-000000000006',6),
('bbbbbbbb-0000-0000-0000-000000000007','aaaaaaaa-0000-0000-0000-000000000001','00000007-0000-0000-0000-000000000007',7),
('bbbbbbbb-0000-0000-0000-000000000008','aaaaaaaa-0000-0000-0000-000000000001','00000008-0000-0000-0000-000000000008',8),
('bbbbbbbb-0000-0000-0000-000000000009','aaaaaaaa-0000-0000-0000-000000000001','00000009-0000-0000-0000-000000000009',9),
('bbbbbbbb-0000-0000-0000-000000000010','aaaaaaaa-0000-0000-0000-000000000001','00000010-0000-0000-0000-000000000010',10),
('bbbbbbbb-0000-0000-0000-000000000011','aaaaaaaa-0000-0000-0000-000000000001','00000011-0000-0000-0000-000000000011',11),
('bbbbbbbb-0000-0000-0000-000000000012','aaaaaaaa-0000-0000-0000-000000000001','00000012-0000-0000-0000-000000000012',12),
('bbbbbbbb-0000-0000-0000-000000000013','aaaaaaaa-0000-0000-0000-000000000001','00000013-0000-0000-0000-000000000013',13),
('bbbbbbbb-0000-0000-0000-000000000014','aaaaaaaa-0000-0000-0000-000000000001','00000014-0000-0000-0000-000000000014',14),
('bbbbbbbb-0000-0000-0000-000000000015','aaaaaaaa-0000-0000-0000-000000000001','00000015-0000-0000-0000-000000000015',15),
('bbbbbbbb-0000-0000-0000-000000000016','aaaaaaaa-0000-0000-0000-000000000001','00000016-0000-0000-0000-000000000016',16),
('bbbbbbbb-0000-0000-0000-000000000017','aaaaaaaa-0000-0000-0000-000000000001','00000017-0000-0000-0000-000000000017',17),
('bbbbbbbb-0000-0000-0000-000000000018','aaaaaaaa-0000-0000-0000-000000000001','00000018-0000-0000-0000-000000000018',18),
('bbbbbbbb-0000-0000-0000-000000000019','aaaaaaaa-0000-0000-0000-000000000001','00000019-0000-0000-0000-000000000019',19),
('bbbbbbbb-0000-0000-0000-000000000020','aaaaaaaa-0000-0000-0000-000000000001','00000020-0000-0000-0000-000000000020',20),
('bbbbbbbb-0000-0000-0000-000000000021','aaaaaaaa-0000-0000-0000-000000000001','00000021-0000-0000-0000-000000000021',21),
('bbbbbbbb-0000-0000-0000-000000000022','aaaaaaaa-0000-0000-0000-000000000001','00000022-0000-0000-0000-000000000022',22),
('bbbbbbbb-0000-0000-0000-000000000023','aaaaaaaa-0000-0000-0000-000000000001','00000023-0000-0000-0000-000000000023',23),
('bbbbbbbb-0000-0000-0000-000000000024','aaaaaaaa-0000-0000-0000-000000000001','00000024-0000-0000-0000-000000000024',24),
('bbbbbbbb-0000-0000-0000-000000000025','aaaaaaaa-0000-0000-0000-000000000001','00000025-0000-0000-0000-000000000025',25),
('bbbbbbbb-0000-0000-0000-000000000026','aaaaaaaa-0000-0000-0000-000000000001','00000026-0000-0000-0000-000000000026',26);


INSERT INTO events (id, type, date_time, location, notes, setlist_id) VALUES
('eeeeeeee-0000-0000-0000-000000000001', 'SHOW',     '2025-02-15T21:00:00', 'Teatro Municipal',        'Show principal da temporada', 'aaaaaaaa-0000-0000-0000-000000000001'),
('eeeeeeee-0000-0000-0000-000000000002', 'SHOW',     '2025-03-01T22:00:00', 'Arena Open Air',          'Evento ao ar livre',          'aaaaaaaa-0000-0000-0000-000000000002'),
('eeeeeeee-0000-0000-0000-000000000003', 'SHOW',     '2025-03-20T20:30:00', 'Pub Rock Station',        'Show intimista',              NULL),

('eeeeeeee-0000-0000-0000-000000000004', 'REHEARSAL','2025-02-10T19:00:00', 'Estúdio Central',         'Ensaio geral pré-show',       'aaaaaaaa-0000-0000-0000-000000000001'),
('eeeeeeee-0000-0000-0000-000000000005', 'REHEARSAL','2025-02-12T19:00:00', 'Estúdio Central',         'Ajustes finais',              NULL),

('eeeeeeee-0000-0000-0000-000000000006', 'MEETING',  '2025-02-05T18:00:00', 'Sala de Reuniões',        'Planejamento da turnê',       NULL),
('eeeeeeee-0000-0000-0000-000000000007', 'MEETING',  '2025-02-18T18:30:00', 'Sala de Reuniões',        'Revisão de repertório',       'aaaaaaaa-0000-0000-0000-000000000009'),

('eeeeeeee-0000-0000-0000-000000000008', 'SHOW',     '2025-04-10T21:30:00', 'Festival Rock Sul',       'Palco secundário',            'aaaaaaaa-0000-0000-0000-000000000003'),
('eeeeeeee-0000-0000-0000-000000000009', 'SHOW',     '2025-05-01T20:00:00', 'Centro de Eventos',       'Show comemorativo',           'aaaaaaaa-0000-0000-0000-000000000005'),

('eeeeeeee-0000-0000-0000-000000000010', 'REHEARSAL','2025-04-05T20:00:00', 'Estúdio Central',         'Ensaio especial para festival',NULL);
